,Query,AvgTime,Records
0,query9,0.022863,1631
1,query8,0.123529,16138
2,query7,0.123132,16138
3,query6,0.021307,7
4,query5,0.009675,0
5,query4,0.014382,3
6,query3,0.05606,6278
7,query2,0.130847,100
8,query14,0.071809,22
9,query13,0.020344,23
10,query12,0.049419,2
11,query11,1.3284,1
12,query10,0.527911,1
13,query1,0.021405,1
