,Query,AvgTime,Records
0,query9,0.023203,1631
1,query8,0.123561,16138
2,query7,0.125095,16138
3,query6,0.030669,7
4,query5,0.009735,0
5,query4,0.014474,3
6,query3,0.0591,6278
7,query2,0.134821,100
8,query14,0.071217,22
9,query13,0.021431,23
10,query12,0.06022,2
11,query11,1.360028,1
12,query10,0.506426,1
13,query1,0.020286,1
