,Query,AvgTime,Records
0,query9,0.037584599999999996,1631
1,query8b,0.030099499999999994,908
2,query8a,0.07722100000000001,5370
3,query7,0.33055039999999997,16138
4,query6,0.0232045,7
5,query5,0.0078005,0
6,query4,0.015398400000000001,3
7,query3,0.1385071,6278
8,query2,0.1579334,100
9,query14,0.06711740000000001,22
10,query13,0.023627,23
11,query12,0.0477258,2
12,query11,1.3416667,1
13,query10,0.4383863,1
14,query1,0.23518269999999997,30829
