,Query,AvgTime,Records
0,query9,0.037547300000000006,1631
1,query8b,0.029720900000000005,908
2,query8a,0.07302460000000002,5370
3,query7,0.2690693,16138
4,query6,0.021587700000000005,7
5,query5,0.0071165,0
6,query4,0.0145564,3
7,query3,0.12781009999999998,6278
8,query2,0.13027139999999998,100
9,query14,0.0449397,22
10,query13,0.020494200000000004,23
11,query12,0.0473858,2
12,query11,1.2790119,1
13,query10,0.4515728,1
14,query1,0.2226765,30829
