,Query,AvgTime,Records
0,query7h,0.018605,5
1,query7g,0.003255,2
2,query7f,0.009209,2
3,query7e,0.014692,958
4,query7d,0.002119,4
5,query7c,0.003164,1
6,query7b,0.002812,8
7,query7a,0.046433,6501
8,query6e,0.013006,599
9,query6d,0.002595,4
10,query6c,0.0106,997
11,query6b,0.01038,2
12,query6a,0.003134,2
13,query4b,0.03145,1289
14,query4a,0.031495,1496
15,query2d,0.002853,3
16,query2c,0.07215,4065
17,query2b,0.057693,40
18,query2a,0.01121,86
19,query1b,0.358216,100200
20,query1a,0.224318,100200
